training/fb/M,training/fb/categorical_accuracy_M,training/fb/contrastive_fb_loss,training/fb/correct_ort,training/fb/fb_diag_loss,training/fb/fb_loss,training/fb/fb_offdiag_loss,training/fb/ort_b_loss,training/fb/target_M,training/fb/z_norm,training/grad/max,training/grad/min,training/grad/norm,validation/fb/M,validation/fb/categorical_accuracy_M,validation/fb/contrastive_fb_loss,validation/fb/correct_ort,validation/fb/fb_diag_loss,validation/fb/fb_loss,validation/fb/fb_offdiag_loss,validation/fb/ort_b_loss,validation/fb/target_M,validation/fb/z_norm,time/epoch_time,time/total_time,step
-0.0072433427,0.001953125,1.9106263,0.0009765625,0.0779766,6.4827967,1.8326497,4.5721703,-0.2284684,5.0,3.7335925,-3.6436083,223.35423,2.2944179,0.001953125,2.627604,0.0009765625,-4.057028,7.016185,6.684632,4.388581,-0.13336623,5.0,0.005161543798446655,25.807721614837646,1
16.8945,0.018554688,-116.574,0.0009765625,-188.35643,-115.45402,71.78243,1.1199802,15.948877,5.0,51.435802,-60.517338,1263.31,16.486874,0.015625,-114.19887,0.0009765625,-188.24489,-113.08591,74.04602,1.1129599,15.868592,5.0,0.0061506591796875,56.56101965904236,5000
27.751598,0.013671875,-148.29034,0.0009765625,-286.95764,-147.16045,138.6673,1.1299019,27.34805,5.0,163.6915,-104.81679,1425.7836,28.044376,0.0126953125,-159.03767,0.0009765625,-286.08826,-157.90936,127.05058,1.1283066,27.252556,5.0,0.0036403696060180665,74.76286935806274,10000
35.236874,0.0146484375,-188.40598,0.0009765625,-345.58615,-187.27216,157.18018,1.1338153,34.994507,5.0,76.8819,-144.81892,1996.1134,35.39405,0.016601562,-194.21954,0.0009765625,-344.8344,-193.07893,150.61487,1.1406065,35.156364,5.0,0.0036382511615753173,92.95412755012512,15000
